,mean,median,std
sepal length (cm),5.843333333333334,5.8,0.828066127977863
sepal width (cm),3.0573333333333337,3.0,0.4358662849366982
petal length (cm),3.7580000000000005,4.35,1.7652982332594662
petal width (cm),1.1993333333333336,1.3,0.7622376689603465
species,1.0,1.0,0.8192319205190405
sepal_area,17.822866666666663,17.66,3.361853582817707
petal_area,5.794066666666667,5.615,4.712389937356652
